{"@context":["https://www.w3.org/ns/activitystreams","https://w3id.org/security/v1",{"manuallyApprovesFollowers":"as:manuallyApprovesFollowers","toot":"http://joinmastodon.org/ns#","featured":{"@id":"toot:featured","@type":"@id"},"featuredTags":{"@id":"toot:featuredTags","@type":"@id"},"alsoKnownAs":{"@id":"as:alsoKnownAs","@type":"@id"},"movedTo":{"@id":"as:movedTo","@type":"@id"},"schema":"http://schema.org#","PropertyValue":"schema:PropertyValue","value":"schema:value","discoverable":"toot:discoverable","Device":"toot:Device","Ed25519Signature":"toot:Ed25519Signature","Ed25519Key":"toot:Ed25519Key","Curve25519Key":"toot:Curve25519Key","EncryptedMessage":"toot:EncryptedMessage","publicKeyBase64":"toot:publicKeyBase64","deviceId":"toot:deviceId","claim":{"@type":"@id","@id":"toot:claim"},"fingerprintKey":{"@type":"@id","@id":"toot:fingerprintKey"},"identityKey":{"@type":"@id","@id":"toot:identityKey"},"devices":{"@type":"@id","@id":"toot:devices"},"messageFranking":"toot:messageFranking","messageType":"toot:messageType","cipherText":"toot:cipherText","suspended":"toot:suspended","memorial":"toot:memorial","indexable":"toot:indexable"}],"id":"https://w3c.social/users/Zevasthian","type":"Person","following":"https://w3c.social/users/Zevasthian/following","followers":"https://w3c.social/users/Zevasthian/followers","inbox":"https://w3c.social/users/Zevasthian/inbox","outbox":"outbox.json","featured":"https://w3c.social/users/Zevasthian/collections/featured","featuredTags":"https://w3c.social/users/Zevasthian/collections/tags","preferredUsername":"Zevasthian","name":"Zevasthian","summary":"","url":"https://w3c.social/@Zevasthian","manuallyApprovesFollowers":false,"discoverable":false,"indexable":false,"published":"2024-01-16T00:00:00Z","memorial":false,"devices":"https://w3c.social/users/Zevasthian/collections/devices","publicKey":{"id":"https://w3c.social/users/Zevasthian#main-key","owner":"https://w3c.social/users/Zevasthian","publicKeyPem":"-----BEGIN PUBLIC KEY-----\nMIIBIjANBgkqhkiG9w0BAQEFAAOCAQ8AMIIBCgKCAQEAshZqv7LRosYEARoWFkX0\nIETK5NZu5ePJukhh9KicUNm5kNrDg7jj4gwgYesanFBba2GD20Hcv7v0Nk3jzFlc\ni27iZbz8FFU6hb/gQqg9kyumUKfXtPiMuGhlMvf5Uc7BLv1COPx+MEqExnL2Baun\neuasrn8GBZCPHKSZ9zRBIDqOyY4oN5ID+SMM3hmfhgai24W0dXdXhOsDX89IS+Bu\nOVGfL/WqIcsx/AenzQYXibrutOoX0UiE+f+AMKSFqiSMQkcg4yykO3MkoyuL879w\nP9e87M1f3J5keo0gmwqrPuvmpmm+J+fPaiyYHqRtYMXXShzCfhEcnZQbVTG/bZ5l\n6QIDAQAB\n-----END PUBLIC KEY-----\n"},"tag":[],"attachment":[],"endpoints":{"sharedInbox":"https://w3c.social/inbox"},"likes":"likes.json","bookmarks":"bookmarks.json"}