{"@context":"https://www.w3.org/ns/activitystreams","id":"outbox.json","type":"OrderedCollection","totalItems":0,"orderedItems":[],"@context":["https://www.w3.org/ns/activitystreams","https://w3id.org/security/v1",{"manuallyApprovesFollowers":"as:manuallyApprovesFollowers","sensitive":"as:sensitive","Hashtag":"as:Hashtag","movedTo":{"@id":"as:movedTo","@type":"@id"},"alsoKnownAs":{"@id":"as:alsoKnownAs","@type":"@id"},"toot":"http://joinmastodon.org/ns#","Emoji":"toot:Emoji","featured":{"@id":"toot:featured","@type":"@id"},"featuredTags":{"@id":"toot:featuredTags","@type":"@id"},"schema":"http://schema.org#","PropertyValue":"schema:PropertyValue","value":"schema:value","ostatus":"http://ostatus.org#","atomUri":"ostatus:atomUri","inReplyToAtomUri":"ostatus:inReplyToAtomUri","conversation":"ostatus:conversation","focalPoint":{"@container":"@list","@id":"toot:focalPoint"},"blurhash":"toot:blurhash","discoverable":"toot:discoverable","indexable":"toot:indexable","memorial":"toot:memorial","votersCount":"toot:votersCount","Device":"toot:Device","Ed25519Signature":"toot:Ed25519Signature","Ed25519Key":"toot:Ed25519Key","Curve25519Key":"toot:Curve25519Key","EncryptedMessage":"toot:EncryptedMessage","publicKeyBase64":"toot:publicKeyBase64","deviceId":"toot:deviceId","claim":{"@type":"@id","@id":"toot:claim"},"fingerprintKey":{"@type":"@id","@id":"toot:fingerprintKey"},"identityKey":{"@type":"@id","@id":"toot:identityKey"},"devices":{"@type":"@id","@id":"toot:devices"},"messageFranking":"toot:messageFranking","messageType":"toot:messageType","cipherText":"toot:cipherText","suspended":"toot:suspended"}]}